{"__JSON_VERSION__": 1, "Name": "acetaldehyde", "Charge": 0, "Spin": 1, "Box Side": null, "Geometry": {"Number of atoms": 7, "Elements list": ["C", "C", "H", "H", "H", "O", "H"], "Coordinates": [[-3.0079018366337, 0.17495242036461, 0.13809802937058], [-3.66799733125956, 1.53033565068565, 0.11359093638503], [-3.22195305033985, 2.19895574257207, 0.87340774372924], [-4.75895421091798, 1.41873676736666, 0.29378994135866], [-3.56792751596441, 1.97829997715812, -0.89849768457703], [-2.11052075109122, -0.15104741766306, 0.8872207901439], [-3.42224530379328, -0.55833314048406, -0.62458975641038]], "Level of theory geometry": "OrcaInput || method: PBE | basis: def2-SVP | solvent: None"}, "Properties": {"Level of theory electronic": "OrcaInput || method: PBE | basis: def2-SVP | solvent: None", "Level of theory vibronic": "OrcaInput || method: PBE | basis: def2-SVP | solvent: None", "Electronic energy (Eh)": -153.528266323306, "Vibronic energy (Eh)": 0.02861407, "Helmholtz energy (Eh)": null, "Gibbs energy (Eh)": -153.49965226, "pKa": null, "Mulliken charges": [0.054359, -0.048233, 0.051764, 0.056948, 0.056767, -0.171557, -4.7e-05], "Mulliken spin populations": [0.0, 0.0, 0.0, 0.0, 0.0, 0.0, 0.0], "Mulliken Fukui": {"f+": [0.236096, -0.114164, 0.128819, 0.155633, 0.154917, 0.220734, 0.21796600000000002], "f-": [0.080765, -0.027314000000000005, 0.11124699999999998, 0.12120800000000001, 0.121208, 0.355714, 0.237172], "f0": [0.1584305, -0.070739, 0.120033, 0.1384205, 0.1380625, 0.288224, 0.22756900000000002]}, "Hirshfeld charges": [0.14702, -0.072795, 0.040881, 0.045754, 0.045669, -0.226226, 0.019698], "Hirshfeld spin populations": [0.0, 0.0, 0.0, 0.0, 0.0, 0.0, 0.0], "Hirshfeld Fukui": {"f+": [0.288177, 0.071903, 0.058201, 0.099072, 0.09850400000000001, 0.25822599999999996, 0.12592], "f-": [0.15945600000000001, 0.097344, 0.060628, 0.073554, 0.073525, 0.37205, 0.163446], "f0": [0.22381650000000003, 0.08462349999999999, 0.0594145, 0.086313, 0.0860145, 0.31513800000000003, 0.144683]}, "Vibrational data": {"frequencies": [0.0, 0.0, 0.0, 0.0, 0.0, 0.0, 155.34, 492.59, 735.99, 864.73, 1080.22, 1082.97, 1296.97, 1365.41, 1383.43, 1390.97, 1804.89, 2758.2, 2964.59, 3044.23, 3103.03], "normal_modes": [[0.0, 0.0, 0.0, 0.0, 0.0, 0.0, 0.0, 0.0, 0.0, 0.0, 0.0, 0.0, 0.0, 0.0, 0.0, 0.0, 0.0, 0.0, 0.0, 0.0, 0.0], [0.0, 0.0, 0.0, 0.0, 0.0, 0.0, 0.0, 0.0, 0.0, 0.0, 0.0, 0.0, 0.0, 0.0, 0.0, 0.0, 0.0, 0.0, 0.0, 0.0, 0.0], [0.0, 0.0, 0.0, 0.0, 0.0, 0.0, 0.0, 0.0, 0.0, 0.0, 0.0, 0.0, 0.0, 0.0, 0.0, 0.0, 0.0, 0.0, 0.0, 0.0, 0.0], [0.0, 0.0, 0.0, 0.0, 0.0, 0.0, 0.0, 0.0, 0.0, 0.0, 0.0, 0.0, 0.0, 0.0, 0.0, 0.0, 0.0, 0.0, 0.0, 0.0, 0.0], [0.0, 0.0, 0.0, 0.0, 0.0, 0.0, 0.0, 0.0, 0.0, 0.0, 0.0, 0.0, 0.0, 0.0, 0.0, 0.0, 0.0, 0.0, 0.0, 0.0, 0.0], [0.0, 0.0, 0.0, 0.0, 0.0, 0.0, 0.0, 0.0, 0.0, 0.0, 0.0, 0.0, 0.0, 0.0, 0.0, 0.0, 0.0, 0.0, 0.0, 0.0, 0.0], [-0.072618, -0.033894, 0.072411, -0.000513, -0.000126, 0.000445, -0.275203, -0.128795, 0.274908, -0.101183, 0.091097, -0.581958, 0.572379, 0.129948, 0.109407, 0.05596, 0.025985, -0.055566, -0.212786, -0.099323, 0.211453], [-0.068532, -0.133851, -0.1318, 0.103035, -0.099894, 0.056543, 0.479008, -0.544063, 0.226804, 0.102797, 0.217741, 0.235843, 0.130866, 0.233647, 0.209756, -0.075309, 0.198708, 0.017732, 0.071512, -0.275988, -0.057115], [-0.037105, -0.017656, 0.036919, -0.051221, -0.023696, 0.050579, 0.192778, 0.088492, -0.191318, -0.117129, 0.508021, -0.071269, 0.290635, -0.422389, -0.101243, 0.017799, 0.008207, -0.017526, 0.403671, 0.188352, -0.400593], [-0.049228, 0.119465, 0.007108, 0.162798, -0.153111, 0.091772, -0.141107, 0.194533, -0.052017, 0.156828, -0.543042, -0.181392, 0.084478, -0.583404, -0.107231, -0.077747, 0.065623, -0.047335, -0.21947, 0.291263, -0.086285], [-0.151941, -0.066559, 0.152926, 0.091806, 0.040826, -0.094952, -0.197002, -0.109943, 0.207273, 0.156348, -0.331103, 0.141337, -0.276513, 0.276081, -0.013315, 0.034377, 0.014977, -0.034189, 0.488088, 0.233872, -0.483445], [-0.003479, 0.230722, 0.097255, -0.059462, -0.138854, -0.120334, 0.440728, -0.714878, 0.095879, -0.00906, 0.061537, 0.23045, 0.192242, 0.139178, 0.041064, 0.00918, -0.051201, -0.013105, -0.019639, 0.232159, 0.115603], [-0.001671, 0.025532, 0.010146, 0.064469, -0.147813, -0.005131, -0.273326, 0.251773, -0.15275, -0.049342, 0.589563, -0.163615, -0.402037, 0.422688, 0.188112, 0.007676, 0.000425, 0.007955, -0.145412, 0.186295, -0.057761], [0.012762, -0.061659, -0.016136, -0.03491, -0.016056, -0.042561, -0.176063, 0.158969, -0.100392, 0.065486, -0.066094, 0.494159, 0.479411, 0.128186, 0.07935, 0.021046, 0.018958, 0.03008, -0.438965, 0.404056, -0.251131], [-0.002829, 0.050937, 0.02107, 0.014803, -0.04864, -0.008459, -0.288037, 0.309274, -0.135929, 0.084717, 0.018877, 0.399385, 0.358832, 0.143499, 0.120972, -0.047631, -0.004343, -0.049976, 0.457807, -0.430084, 0.258517], [-0.019805, -0.008896, 0.01986, -0.034553, -0.016891, 0.034633, 0.483031, 0.229857, -0.486272, -0.041279, -0.37725, -0.293845, 0.112763, 0.412281, 0.227762, 0.001747, 0.000903, -0.002212, 0.065465, 0.028055, -0.061859], [0.51583, -0.232386, 0.409325, -0.03796, 0.025395, -0.026225, 0.147252, -0.167711, 0.068753, -0.052578, 0.123127, -0.103066, -0.150592, 0.077996, -0.005536, -0.346878, 0.128306, -0.288481, -0.132562, 0.39655, 0.053732], [-0.026486, -0.057081, -0.053561, 0.001535, 0.000906, 0.00195, -0.004949, -0.003564, -0.006643, -0.02341, -0.010731, 0.005307, 0.00698, 0.003476, -0.025037, -0.001701, 0.001196, -0.001148, 0.345682, 0.661185, 0.659574], [-0.000458, -0.002983, -0.001863, -0.031024, 0.038893, -0.012499, -0.187147, -0.268707, -0.313171, 0.616371, 0.071245, -0.110668, -0.067841, -0.249267, 0.572231, 0.000517, -4.4e-05, 0.0005, 0.005534, 0.01953, 0.014794], [-0.000419, -0.000181, 0.000395, -0.061289, -0.028934, 0.061113, -0.008079, -0.002457, 0.01159, 0.692794, 0.066625, -0.104326, 0.052768, 0.283782, -0.642542, -0.000185, -9e-05, 0.000191, 0.00075, 0.000399, -0.000666], [0.00231, 0.000861, 0.002725, 0.051646, 0.037167, 0.069435, -0.359986, -0.539585, -0.61318, -0.301735, -0.02953, 0.061925, 0.038305, 0.13157, -0.281621, -0.000771, 4.6e-05, -0.000752, -0.007275, -0.016303, -0.015024]], "ir_transitions": [[6, 0.0], [7, 10.97], [8, 1.03], [9, 8.08], [10, 1.41], [11, 23.52], [12, 31.78], [13, 12.42], [14, 14.18], [15, 11.27], [16, 164.86], [17, 157.37], [18, 0.6], [19, 2.25], [20, 4.71]], "ir_combination_bands": [], "raman_transitions": []}}, "Flags": []}